Team,W,L,W/L%,PS/G,PA/G,SRS,Season,Conference
MIAMI HEAT,52,30,.634,94.4,91.3,2.75,1999-2000,East
NEW YORK KNICKS,50,32,.610,92.1,90.7,1.30,1999-2000,East
PHILADELPHIA 76ERS,49,33,.598,94.8,93.4,1.02,1999-2000,East
ORLANDO MAGIC,41,41,.500,100.1,99.4,0.43,1999-2000,East
BOSTON CELTICS,35,47,.427,99.3,100.1,-1.00,1999-2000,East
NEW JERSEY NETS,31,51,.378,98.0,99.0,-1.18,1999-2000,East
WASHINGTON WIZARDS,29,53,.354,96.6,99.9,-3.47,1999-2000,East
INDIANA PACERS,56,26,.683,101.3,96.7,4.15,1999-2000,East
CHARLOTTE HORNETS,49,33,.598,98.4,95.8,2.33,1999-2000,East
TORONTO RAPTORS,45,37,.549,97.2,97.3,-0.46,1999-2000,East
DETROIT PISTONS,42,40,.512,103.5,102.0,1.13,1999-2000,East
MILWAUKEE BUCKS,42,40,.512,101.2,101.0,-0.06,1999-2000,East
CLEVELAND CAVALIERS,32,50,.390,97.0,100.5,-3.64,1999-2000,East
ATLANTA HAWKS,28,54,.341,94.3,99.7,-5.41,1999-2000,East
CHICAGO BULLS,17,65,.207,84.8,94.2,-9.23,1999-2000,East
PHILADELPHIA 76ERS,56,26,.683,94.7,90.4,3.64,2000-2001,East
MIAMI HEAT,50,32,.610,88.9,86.6,1.73,2000-2001,East
NEW YORK KNICKS,48,34,.585,88.7,86.1,1.98,2000-2001,East
ORLANDO MAGIC,43,39,.524,97.5,96.5,0.39,2000-2001,East
BOSTON CELTICS,36,46,.439,94.6,96.8,-2.40,2000-2001,East
NEW JERSEY NETS,26,56,.317,92.1,97.1,-5.30,2000-2001,East
WASHINGTON WIZARDS,19,63,.232,93.2,99.9,-6.75,2000-2001,East
MILWAUKEE BUCKS,52,30,.634,100.7,96.9,3.14,2000-2001,East
TORONTO RAPTORS,47,35,.573,97.6,95.4,1.69,2000-2001,East
CHARLOTTE HORNETS,46,36,.561,91.9,89.8,1.45,2000-2001,East
INDIANA PACERS,41,41,.500,92.6,92.8,-0.77,2000-2001,East
DETROIT PISTONS,32,50,.390,95.6,97.3,-2.08,2000-2001,East
CLEVELAND CAVALIERS,30,52,.366,92.2,96.5,-4.48,2000-2001,East
ATLANTA HAWKS,25,57,.305,91.0,96.2,-5.55,2000-2001,East
CHICAGO BULLS,15,67,.183,87.6,96.7,-9.09,2000-2001,East
NEW JERSEY NETS,52,30,.634,96.2,92.0,3.67,2001-2002,East
BOSTON CELTICS,49,33,.598,96.4,94.1,1.75,2001-2002,East
ORLANDO MAGIC,44,38,.537,100.5,98.9,1.25,2001-2002,East
PHILADELPHIA 76ERS,43,39,.524,91.0,89.4,1.27,2001-2002,East
WASHINGTON WIZARDS,37,45,.451,92.8,94.2,-1.58,2001-2002,East
MIAMI HEAT,36,46,.439,87.2,88.7,-1.84,2001-2002,East
NEW YORK KNICKS,30,52,.366,91.6,95.6,-4.15,2001-2002,East
DETROIT PISTONS,50,32,.610,94.3,92.2,1.69,2001-2002,East
CHARLOTTE HORNETS,44,38,.537,93.9,92.9,0.57,2001-2002,East
TORONTO RAPTORS,42,40,.512,91.4,91.8,-0.71,2001-2002,East
INDIANA PACERS,42,40,.512,96.8,96.5,-0.07,2001-2002,East
MILWAUKEE BUCKS,41,41,.500,97.5,97.7,-0.62,2001-2002,East
ATLANTA HAWKS,33,49,.402,94.0,98.3,-4.41,2001-2002,East
CLEVELAND CAVALIERS,29,53,.354,95.3,98.6,-3.52,2001-2002,East
CHICAGO BULLS,21,61,.256,89.5,98.0,-8.52,2001-2002,East
NEW JERSEY NETS,49,33,.598,95.4,90.1,4.42,2002-2003,East
PHILADELPHIA 76ERS,48,34,.585,96.8,94.5,1.76,2002-2003,East
BOSTON CELTICS,44,38,.537,92.7,93.1,-0.75,2002-2003,East
ORLANDO MAGIC,42,40,.512,98.5,98.4,-0.39,2002-2003,East
WASHINGTON WIZARDS,37,45,.451,91.5,92.5,-1.47,2002-2003,East
NEW YORK KNICKS,37,45,.451,95.9,97.2,-1.61,2002-2003,East
MIAMI HEAT,25,57,.305,85.6,90.6,-5.13,2002-2003,East
DETROIT PISTONS,50,32,.610,91.4,87.7,2.97,2002-2003,East
INDIANA PACERS,48,34,.585,96.8,93.3,2.79,2002-2003,East
NEW ORLEANS HORNETS,47,35,.573,93.9,91.8,1.52,2002-2003,East
MILWAUKEE BUCKS,42,40,.512,99.5,99.3,-0.24,2002-2003,East
ATLANTA HAWKS,35,47,.427,94.1,97.6,-3.87,2002-2003,East
CHICAGO BULLS,30,52,.366,95.0,100.1,-5.31,2002-2003,East
TORONTO RAPTORS,24,58,.293,90.9,96.8,-6.10,2002-2003,East
CLEVELAND CAVALIERS,17,65,.207,91.4,101.0,-9.59,2002-2003,East
NEW JERSEY NETS,47,35,.573,90.3,87.8,1.88,2003-2004,East
MIAMI HEAT,42,40,.512,90.3,89.7,-0.13,2003-2004,East
NEW YORK KNICKS,39,43,.476,92.0,93.5,-1.97,2003-2004,East
BOSTON CELTICS,36,46,.439,95.3,96.7,-1.99,2003-2004,East
PHILADELPHIA 76ERS,33,49,.402,88.0,90.5,-2.95,2003-2004,East
WASHINGTON WIZARDS,25,57,.305,91.8,97.4,-6.12,2003-2004,East
ORLANDO MAGIC,21,61,.256,94.0,101.1,-7.25,2003-2004,East
INDIANA PACERS,61,21,.744,91.4,85.6,4.93,2003-2004,East
DETROIT PISTONS,54,28,.659,90.1,84.3,5.04,2003-2004,East
NEW ORLEANS HORNETS,41,41,.500,91.8,91.9,-0.72,2003-2004,East
MILWAUKEE BUCKS,41,41,.500,98.0,97.0,0.42,2003-2004,East
CLEVELAND CAVALIERS,35,47,.427,92.9,95.5,-3.07,2003-2004,East
TORONTO RAPTORS,33,49,.402,85.4,88.5,-3.42,2003-2004,East
ATLANTA HAWKS,28,54,.341,92.8,97.5,-5.00,2003-2004,East
CHICAGO BULLS,23,59,.280,89.7,96.0,-6.69,2003-2004,East
BOSTON CELTICS,45,37,.549,101.3,100.4,0.35,2004-2005,East
PHILADELPHIA 76ERS,43,39,.524,99.1,99.9,-1.07,2004-2005,East
NEW JERSEY NETS,42,40,.512,91.4,92.9,-1.82,2004-2005,East
TORONTO RAPTORS,33,49,.402,99.7,101.4,-1.81,2004-2005,East
NEW YORK KNICKS,33,49,.402,97.3,99.7,-2.72,2004-2005,East
DETROIT PISTONS,54,28,.659,93.3,89.5,3.31,2004-2005,East
CHICAGO BULLS,47,35,.573,94.5,93.4,0.65,2004-2005,East
INDIANA PACERS,44,38,.537,93.0,92.2,0.49,2004-2005,East
CLEVELAND CAVALIERS,42,40,.512,96.5,95.7,0.27,2004-2005,East
MILWAUKEE BUCKS,30,52,.366,97.2,100.2,-3.09,2004-2005,East
MIAMI HEAT,59,23,.720,101.5,95.0,5.77,2004-2005,East
WASHINGTON WIZARDS,45,37,.549,100.5,100.8,-0.71,2004-2005,East
ORLANDO MAGIC,36,46,.439,99.5,101.8,-2.52,2004-2005,East
CHARLOTTE BOBCATS,18,64,.220,94.3,100.2,-6.15,2004-2005,East
ATLANTA HAWKS,13,69,.159,92.7,102.5,-9.62,2004-2005,East
NEW JERSEY NETS,49,33,.598,93.8,92.4,1.11,2005-2006,East
PHILADELPHIA 76ERS,38,44,.463,99.4,101.3,-2.10,2005-2006,East
BOSTON CELTICS,33,49,.402,98.0,99.5,-1.59,2005-2006,East
TORONTO RAPTORS,27,55,.329,101.1,104.0,-3.03,2005-2006,East
NEW YORK KNICKS,23,59,.280,95.6,102.0,-6.30,2005-2006,East
DETROIT PISTONS,64,18,.780,96.8,90.2,6.24,2005-2006,East
CLEVELAND CAVALIERS,50,32,.610,97.6,95.4,2.17,2005-2006,East
INDIANA PACERS,41,41,.500,93.9,92.0,1.62,2005-2006,East
CHICAGO BULLS,41,41,.500,97.8,97.2,0.51,2005-2006,East
MILWAUKEE BUCKS,40,42,.488,97.8,98.8,-1.07,2005-2006,East
MIAMI HEAT,52,30,.634,99.9,96.0,3.59,2005-2006,East
WASHINGTON WIZARDS,42,40,.512,101.7,99.8,1.57,2005-2006,East
ORLANDO MAGIC,36,46,.439,94.9,96.0,-1.26,2005-2006,East
CHARLOTTE BOBCATS,26,56,.317,96.9,100.9,-3.90,2005-2006,East
ATLANTA HAWKS,26,56,.317,97.2,102.0,-4.69,2005-2006,East
TORONTO RAPTORS,47,35,.573,99.5,98.5,0.61,2006-2007,East
NEW JERSEY NETS,41,41,.500,97.6,98.3,-1.00,2006-2007,East
PHILADELPHIA 76ERS,35,47,.427,94.9,98.0,-3.26,2006-2007,East
NEW YORK KNICKS,33,49,.402,97.5,100.3,-3.06,2006-2007,East
BOSTON CELTICS,24,58,.293,95.8,99.2,-3.70,2006-2007,East
DETROIT PISTONS,53,29,.646,96.0,91.8,3.69,2006-2007,East
CLEVELAND CAVALIERS,50,32,.610,96.8,92.9,3.33,2006-2007,East
CHICAGO BULLS,49,33,.598,98.8,93.8,4.52,2006-2007,East
INDIANA PACERS,35,47,.427,95.6,98.0,-2.62,2006-2007,East
MILWAUKEE BUCKS,28,54,.341,99.7,104.0,-4.43,2006-2007,East
MIAMI HEAT,44,38,.537,94.6,95.5,-1.21,2006-2007,East
WASHINGTON WIZARDS,41,41,.500,104.3,104.9,-0.80,2006-2007,East
ORLANDO MAGIC,40,42,.488,94.8,94.0,0.35,2006-2007,East
CHARLOTTE BOBCATS,33,49,.402,96.9,100.6,-3.97,2006-2007,East
ATLANTA HAWKS,30,52,.366,93.7,98.4,-4.86,2006-2007,East
BOSTON CELTICS,66,16,.805,100.5,90.3,9.30,2007-2008,East
TORONTO RAPTORS,41,41,.500,100.2,97.3,2.47,2007-2008,East
PHILADELPHIA 76ERS,40,42,.488,96.6,96.2,0.19,2007-2008,East
NEW JERSEY NETS,34,48,.415,95.8,100.9,-5.15,2007-2008,East
NEW YORK KNICKS,23,59,.280,96.9,103.5,-6.55,2007-2008,East
DETROIT PISTONS,59,23,.720,97.5,90.1,6.67,2007-2008,East
CLEVELAND CAVALIERS,45,37,.549,96.4,96.7,-0.53,2007-2008,East
INDIANA PACERS,36,46,.439,104.0,105.4,-1.87,2007-2008,East
CHICAGO BULLS,33,49,.402,97.3,100.4,-3.19,2007-2008,East
MILWAUKEE BUCKS,26,56,.317,97.0,103.9,-6.92,2007-2008,East
ORLANDO MAGIC,52,30,.634,104.5,99.0,4.79,2007-2008,East
WASHINGTON WIZARDS,43,39,.524,98.8,99.2,-0.61,2007-2008,East
ATLANTA HAWKS,37,45,.451,98.2,100.0,-2.23,2007-2008,East
CHARLOTTE BOBCATS,32,50,.390,97.1,101.4,-4.49,2007-2008,East
MIAMI HEAT,15,67,.183,91.4,100.0,-8.53,2007-2008,East
BOSTON CELTICS,62,20,.756,100.9,93.4,7.44,2008-2009,East
PHILADELPHIA 76ERS,41,41,.500,97.4,97.3,0.16,2008-2009,East
NEW JERSEY NETS,34,48,.415,98.1,100.5,-2.31,2008-2009,East
TORONTO RAPTORS,33,49,.402,99.0,101.9,-2.54,2008-2009,East
NEW YORK KNICKS,32,50,.390,105.2,107.8,-2.33,2008-2009,East
CLEVELAND CAVALIERS,66,16,.805,100.3,91.4,8.68,2008-2009,East
CHICAGO BULLS,41,41,.500,102.2,102.5,-0.16,2008-2009,East
DETROIT PISTONS,39,43,.476,94.2,94.7,-0.36,2008-2009,East
INDIANA PACERS,36,46,.439,105.1,106.2,-0.76,2008-2009,East
MILWAUKEE BUCKS,34,48,.415,99.3,100.4,-0.88,2008-2009,East
ORLANDO MAGIC,59,23,.720,101.0,94.4,6.48,2008-2009,East
ATLANTA HAWKS,47,35,.573,98.1,96.5,1.70,2008-2009,East
MIAMI HEAT,43,39,.524,98.3,98.0,0.49,2008-2009,East
CHARLOTTE BOBCATS,35,47,.427,93.6,94.9,-1.20,2008-2009,East
WASHINGTON WIZARDS,19,63,.232,96.1,103.5,-6.98,2008-2009,East
BOSTON CELTICS,50,32,.610,99.2,95.6,3.37,2009-2010,East
TORONTO RAPTORS,40,42,.488,104.1,105.9,-1.83,2009-2010,East
NEW YORK KNICKS,29,53,.354,102.1,105.9,-4.01,2009-2010,East
PHILADELPHIA 76ERS,27,55,.329,97.7,101.6,-3.93,2009-2010,East
NEW JERSEY NETS,12,70,.146,92.4,101.5,-8.93,2009-2010,East
CLEVELAND CAVALIERS,61,21,.744,102.1,95.6,6.17,2009-2010,East
MILWAUKEE BUCKS,46,36,.561,97.7,96.0,1.37,2009-2010,East
CHICAGO BULLS,41,41,.500,97.5,99.1,-1.64,2009-2010,East
INDIANA PACERS,32,50,.390,100.8,103.8,-3.11,2009-2010,East
DETROIT PISTONS,27,55,.329,94.0,99.1,-5.02,2009-2010,East
ORLANDO MAGIC,59,23,.720,102.8,95.3,7.12,2009-2010,East
ATLANTA HAWKS,53,29,.646,101.7,97.0,4.44,2009-2010,East
MIAMI HEAT,47,35,.573,96.5,94.2,1.99,2009-2010,East
CHARLOTTE BOBCATS,44,38,.537,95.3,93.8,1.30,2009-2010,East
WASHINGTON WIZARDS,26,56,.317,96.2,101.0,-4.72,2009-2010,East
BOSTON CELTICS,56,26,.683,96.5,91.1,4.83,2010-2011,East
NEW YORK KNICKS,42,40,.512,106.5,105.7,0.48,2010-2011,East
PHILADELPHIA 76ERS,41,41,.500,99.0,97.5,1.01,2010-2011,East
NEW JERSEY NETS,24,58,.293,94.2,100.4,-6.28,2010-2011,East
TORONTO RAPTORS,22,60,.268,99.1,105.4,-6.28,2010-2011,East
CHICAGO BULLS,62,20,.756,98.6,91.3,6.53,2010-2011,East
INDIANA PACERS,37,45,.451,99.8,100.9,-1.38,2010-2011,East
MILWAUKEE BUCKS,35,47,.427,91.9,92.7,-1.02,2010-2011,East
DETROIT PISTONS,30,52,.366,97.0,100.6,-3.78,2010-2011,East
CLEVELAND CAVALIERS,19,63,.232,95.5,104.5,-8.88,2010-2011,East
MIAMI HEAT,58,24,.707,102.1,94.6,6.76,2010-2011,East
ORLANDO MAGIC,52,30,.634,99.2,93.7,4.92,2010-2011,East
ATLANTA HAWKS,44,38,.537,95.0,95.8,-1.10,2010-2011,East
CHARLOTTE BOBCATS,34,48,.415,93.3,97.3,-4.08,2010-2011,East
WASHINGTON WIZARDS,23,59,.280,97.3,104.7,-7.30,2010-2011,East
BOSTON CELTICS,39,27,.591,91.8,89.3,2.26,2011-2012,East
NEW YORK KNICKS,36,30,.545,97.8,94.7,2.39,2011-2012,East
PHILADELPHIA 76ERS,35,31,.530,93.6,89.4,3.59,2011-2012,East
TORONTO RAPTORS,23,43,.348,90.7,94.0,-3.67,2011-2012,East
NEW JERSEY NETS,22,44,.333,93.1,99.1,-6.37,2011-2012,East
CHICAGO BULLS,50,16,.758,96.3,88.2,7.43,2011-2012,East
INDIANA PACERS,42,24,.636,97.7,94.4,2.60,2011-2012,East
MILWAUKEE BUCKS,31,35,.470,99.0,98.7,-0.23,2011-2012,East
DETROIT PISTONS,25,41,.379,90.9,95.7,-5.19,2011-2012,East
CLEVELAND CAVALIERS,21,45,.318,93.0,100.2,-7.34,2011-2012,East
MIAMI HEAT,46,20,.697,98.5,92.5,5.72,2011-2012,East
ATLANTA HAWKS,40,26,.606,96.6,93.2,2.67,2011-2012,East
ORLANDO MAGIC,37,29,.561,94.2,93.4,0.46,2011-2012,East
WASHINGTON WIZARDS,20,46,.303,93.6,98.4,-5.14,2011-2012,East
CHARLOTTE BOBCATS,7,59,.106,87.0,100.9,-13.96,2011-2012,East
NEW YORK KNICKS,54,28,.659,100.0,95.7,3.73,2012-2013,East
BROOKLYN NETS,49,33,.598,96.9,95.1,1.25,2012-2013,East
BOSTON CELTICS,41,40,.506,96.5,96.7,-0.62,2012-2013,East
PHILADELPHIA 76ERS,34,48,.415,93.2,96.5,-3.51,2012-2013,East
TORONTO RAPTORS,34,48,.415,97.2,98.7,-1.96,2012-2013,East
INDIANA PACERS,49,32,.605,94.7,90.7,3.34,2012-2013,East
CHICAGO BULLS,45,37,.549,93.2,92.9,-0.02,2012-2013,East
MILWAUKEE BUCKS,38,44,.463,98.9,100.4,-1.83,2012-2013,East
DETROIT PISTONS,29,53,.354,94.9,98.8,-4.33,2012-2013,East
CLEVELAND CAVALIERS,24,58,.293,96.5,101.2,-4.87,2012-2013,East
MIAMI HEAT,66,16,.805,102.9,95.0,7.03,2012-2013,East
ATLANTA HAWKS,44,38,.537,98.0,97.5,-0.08,2012-2013,East
WASHINGTON WIZARDS,29,53,.354,93.2,95.8,-2.78,2012-2013,East
CHARLOTTE BOBCATS,21,61,.256,93.4,102.7,-9.29,2012-2013,East
ORLANDO MAGIC,20,62,.244,94.1,101.1,-7.12,2012-2013,East
TORONTO RAPTORS,48,34,.585,101.3,98.0,2.55,2013-2014,East
BROOKLYN NETS,44,38,.537,98.5,99.5,-1.58,2013-2014,East
NEW YORK KNICKS,37,45,.451,98.6,99.4,-1.40,2013-2014,East
BOSTON CELTICS,25,57,.305,96.2,100.7,-4.97,2013-2014,East
PHILADELPHIA 76ERS,19,63,.232,99.5,109.9,-10.66,2013-2014,East
INDIANA PACERS,56,26,.683,96.7,92.3,3.63,2013-2014,East
CHICAGO BULLS,48,34,.585,93.7,91.8,1.20,2013-2014,East
CLEVELAND CAVALIERS,33,49,.402,98.2,101.5,-3.86,2013-2014,East
DETROIT PISTONS,29,53,.354,101.0,104.7,-4.13,2013-2014,East
MILWAUKEE BUCKS,15,67,.183,95.5,103.7,-8.41,2013-2014,East
MIAMI HEAT,54,28,.659,102.2,97.4,4.15,2013-2014,East
WASHINGTON WIZARDS,44,38,.537,100.7,99.4,0.48,2013-2014,East
CHARLOTTE BOBCATS,43,39,.524,96.9,97.1,-0.89,2013-2014,East
ATLANTA HAWKS,38,44,.463,101.0,101.5,-0.88,2013-2014,East
ORLANDO MAGIC,23,59,.280,96.5,102.0,-5.88,2013-2014,East
TORONTO RAPTORS,49,33,.598,104.0,100.9,2.45,2014-2015,East
BOSTON CELTICS,40,42,.488,101.4,101.2,-0.40,2014-2015,East
BROOKLYN NETS,38,44,.463,98.0,100.9,-3.13,2014-2015,East
PHILADELPHIA 76ERS,18,64,.220,92.0,101.0,-9.04,2014-2015,East
NEW YORK KNICKS,17,65,.207,91.9,101.2,-9.50,2014-2015,East
CLEVELAND CAVALIERS,53,29,.646,103.1,98.7,4.08,2014-2015,East
CHICAGO BULLS,50,32,.610,100.8,97.8,2.54,2014-2015,East
MILWAUKEE BUCKS,41,41,.500,97.8,97.4,-0.09,2014-2015,East
INDIANA PACERS,38,44,.463,97.3,97.0,-0.23,2014-2015,East
DETROIT PISTONS,32,50,.390,98.5,99.5,-1.39,2014-2015,East
ATLANTA HAWKS,60,22,.732,102.5,97.1,4.75,2014-2015,East
WASHINGTON WIZARDS,46,36,.561,98.5,97.8,0.17,2014-2015,East
MIAMI HEAT,37,45,.451,94.7,97.3,-2.92,2014-2015,East
CHARLOTTE HORNETS,33,49,.402,94.2,97.3,-3.44,2014-2015,East
ORLANDO MAGIC,25,57,.305,95.7,101.4,-5.87,2014-2015,East
TORONTO RAPTORS,56,26,.683,102.7,98.2,4.08,2015-2016,East
BOSTON CELTICS,48,34,.585,105.7,102.5,2.84,2015-2016,East
NEW YORK KNICKS,32,50,.390,98.4,101.1,-2.74,2015-2016,East
BROOKLYN NETS,21,61,.256,98.6,106.0,-7.12,2015-2016,East
PHILADELPHIA 76ERS,10,72,.122,97.4,107.6,-9.92,2015-2016,East
CLEVELAND CAVALIERS,57,25,.695,104.3,98.3,5.45,2015-2016,East
INDIANA PACERS,45,37,.549,102.2,100.5,1.62,2015-2016,East
DETROIT PISTONS,44,38,.537,102.0,101.4,0.43,2015-2016,East
CHICAGO BULLS,42,40,.512,101.6,103.1,-1.46,2015-2016,East
MILWAUKEE BUCKS,33,49,.402,99.0,103.2,-3.98,2015-2016,East
MIAMI HEAT,48,34,.585,100.0,98.4,1.50,2015-2016,East
ATLANTA HAWKS,48,34,.585,102.8,99.2,3.49,2015-2016,East
CHARLOTTE HORNETS,48,34,.585,103.4,100.7,2.36,2015-2016,East
WASHINGTON WIZARDS,41,41,.500,104.1,104.6,-0.50,2015-2016,East
ORLANDO MAGIC,35,47,.427,102.1,103.7,-1.68,2015-2016,East
BOSTON CELTICS,53,29,.646,108.0,105.4,2.25,2016-2017,East
TORONTO RAPTORS,51,31,.622,106.9,102.6,3.65,2016-2017,East
NEW YORK KNICKS,31,51,.378,104.3,108.0,-3.87,2016-2017,East
PHILADELPHIA 76ERS,28,54,.341,102.4,108.1,-5.83,2016-2017,East
BROOKLYN NETS,20,62,.244,105.8,112.5,-6.74,2016-2017,East
CLEVELAND CAVALIERS,51,31,.622,110.3,107.2,2.87,2016-2017,East
MILWAUKEE BUCKS,42,40,.512,103.6,103.8,-0.45,2016-2017,East
INDIANA PACERS,42,40,.512,105.1,105.3,-0.64,2016-2017,East
CHICAGO BULLS,41,41,.500,102.9,102.4,0.03,2016-2017,East
DETROIT PISTONS,37,45,.451,101.3,102.5,-1.29,2016-2017,East
WASHINGTON WIZARDS,49,33,.598,109.2,107.4,1.36,2016-2017,East
ATLANTA HAWKS,43,39,.524,103.2,104.0,-1.23,2016-2017,East
MIAMI HEAT,41,41,.500,103.2,102.1,0.77,2016-2017,East
CHARLOTTE HORNETS,36,46,.439,104.9,104.7,-0.07,2016-2017,East
ORLANDO MAGIC,29,53,.354,101.1,107.6,-6.61,2016-2017,East
TORONTO RAPTORS,59,23,.720,111.7,103.9,7.29,2017-2018,East
BOSTON CELTICS,55,27,.671,104.0,100.4,3.23,2017-2018,East
PHILADELPHIA 76ERS,52,30,.634,109.8,105.3,4.30,2017-2018,East
NEW YORK KNICKS,29,53,.354,104.5,108.0,-3.53,2017-2018,East
BROOKLYN NETS,28,54,.341,106.6,110.3,-3.67,2017-2018,East
CLEVELAND CAVALIERS,50,32,.610,110.9,109.9,0.59,2017-2018,East
INDIANA PACERS,48,34,.585,105.6,104.2,1.18,2017-2018,East
MILWAUKEE BUCKS,44,38,.537,106.5,106.8,-0.45,2017-2018,East
DETROIT PISTONS,39,43,.476,103.8,103.9,-0.26,2017-2018,East
CHICAGO BULLS,27,55,.329,102.9,110.0,-6.84,2017-2018,East
MIAMI HEAT,44,38,.537,103.4,102.9,0.15,2017-2018,East
WASHINGTON WIZARDS,43,39,.524,106.6,106.0,0.53,2017-2018,East
CHARLOTTE HORNETS,36,46,.439,108.2,108.0,0.07,2017-2018,East
ORLANDO MAGIC,25,57,.305,103.4,108.2,-4.92,2017-2018,East
ATLANTA HAWKS,24,58,.293,103.4,108.8,-5.30,2017-2018,East
TORONTO RAPTORS,58,24,.707,114.4,108.4,5.49,2018-2019,East
PHILADELPHIA 76ERS,51,31,.622,115.2,112.5,2.25,2018-2019,East
BOSTON CELTICS,49,33,.598,112.4,108.0,3.90,2018-2019,East
BROOKLYN NETS,42,40,.512,112.2,112.3,-0.40,2018-2019,East
NEW YORK KNICKS,17,65,.207,104.6,113.8,-8.93,2018-2019,East
MILWAUKEE BUCKS,60,22,.732,118.1,109.3,8.04,2018-2019,East
INDIANA PACERS,48,34,.585,108.0,104.7,2.76,2018-2019,East
DETROIT PISTONS,41,41,.500,107.0,107.3,-0.56,2018-2019,East
CHICAGO BULLS,22,60,.268,104.9,113.4,-8.32,2018-2019,East
CLEVELAND CAVALIERS,19,63,.232,104.5,114.1,-9.39,2018-2019,East
ORLANDO MAGIC,42,40,.512,107.3,106.6,0.28,2018-2019,East
CHARLOTTE HORNETS,39,43,.476,110.7,111.8,-1.32,2018-2019,East
MIAMI HEAT,39,43,.476,105.7,105.9,-0.45,2018-2019,East
WASHINGTON WIZARDS,32,50,.390,114.0,116.9,-3.30,2018-2019,East
ATLANTA HAWKS,29,53,.354,113.3,119.4,-6.06,2018-2019,East
TORONTO RAPTORS,53,19,.736,112.8,106.5,5.97,2019-2020,East
BOSTON CELTICS,48,24,.667,113.7,107.3,5.83,2019-2020,East
PHILADELPHIA 76ERS,43,30,.589,110.7,108.4,2.25,2019-2020,East
BROOKLYN NETS,35,37,.486,111.8,112.3,-1.01,2019-2020,East
NEW YORK KNICKS,21,45,.318,105.8,112.3,-6.72,2019-2020,East
MILWAUKEE BUCKS,56,17,.767,118.7,108.6,9.41,2019-2020,East
INDIANA PACERS,45,28,.616,109.4,107.5,1.63,2019-2020,East
CHICAGO BULLS,22,43,.338,106.8,109.9,-4.00,2019-2020,East
DETROIT PISTONS,20,46,.303,107.2,110.8,-4.38,2019-2020,East
CLEVELAND CAVALIERS,19,46,.292,106.9,114.8,-7.77,2019-2020,East
MIAMI HEAT,44,29,.603,112.0,109.1,2.59,2019-2020,East
ORLANDO MAGIC,33,40,.452,107.3,108.3,-0.93,2019-2020,East
CHARLOTTE HORNETS,23,42,.354,102.9,109.6,-7.03,2019-2020,East
WASHINGTON WIZARDS,25,47,.347,114.4,119.1,-5.24,2019-2020,East
ATLANTA HAWKS,20,47,.299,111.8,119.7,-7.71,2019-2020,East
UTAH JAZZ,55,27,.671,96.5,92.0,4.52,1999-2000,West
SAN ANTONIO SPURS,53,29,.646,96.2,90.2,5.92,1999-2000,West
MINNESOTA TIMBERWOLVES,50,32,.610,98.5,96.0,2.67,1999-2000,West
DALLAS MAVERICKS,40,42,.488,101.4,102.0,-0.29,1999-2000,West
DENVER NUGGETS,35,47,.427,99.0,101.1,-1.76,1999-2000,West
HOUSTON ROCKETS,34,48,.415,99.5,100.3,-0.57,1999-2000,West
VANCOUVER GRIZZLIES,22,60,.268,93.9,99.5,-5.10,1999-2000,West
LOS ANGELES LAKERS,67,15,.817,100.8,92.3,8.41,1999-2000,West
PORTLAND TRAIL BLAZERS,59,23,.720,97.5,91.0,6.36,1999-2000,West
PHOENIX SUNS,53,29,.646,98.9,93.7,5.24,1999-2000,West
SEATTLE SUPERSONICS,45,37,.549,99.1,98.1,1.17,1999-2000,West
SACRAMENTO KINGS,44,38,.537,105.0,102.0,3.04,1999-2000,West
GOLDEN STATE WARRIORS,19,63,.232,95.5,103.8,-7.63,1999-2000,West
LOS ANGELES CLIPPERS,15,67,.183,92.0,103.5,-10.73,1999-2000,West
SAN ANTONIO SPURS,58,24,.707,96.2,88.4,7.92,2000-2001,West
UTAH JAZZ,53,29,.646,97.1,92.4,5.00,2000-2001,West
DALLAS MAVERICKS,53,29,.646,100.5,96.2,4.61,2000-2001,West
MINNESOTA TIMBERWOLVES,47,35,.573,97.3,96.0,1.81,2000-2001,West
HOUSTON ROCKETS,45,37,.549,97.2,94.9,2.71,2000-2001,West
DENVER NUGGETS,40,42,.488,96.6,99.0,-1.83,2000-2001,West
VANCOUVER GRIZZLIES,23,59,.280,91.7,97.5,-4.94,2000-2001,West
LOS ANGELES LAKERS,56,26,.683,100.6,97.2,3.74,2000-2001,West
SACRAMENTO KINGS,55,27,.671,101.7,95.9,6.07,2000-2001,West
PHOENIX SUNS,51,31,.622,94.0,91.8,2.63,2000-2001,West
PORTLAND TRAIL BLAZERS,50,32,.610,95.4,91.2,4.52,2000-2001,West
SEATTLE SUPERSONICS,44,38,.537,97.3,97.3,0.55,2000-2001,West
LOS ANGELES CLIPPERS,31,51,.378,92.5,95.3,-2.23,2000-2001,West
GOLDEN STATE WARRIORS,17,65,.207,92.5,101.5,-8.11,2000-2001,West
SAN ANTONIO SPURS,58,24,.707,96.7,90.5,6.28,2001-2002,West
DALLAS MAVERICKS,57,25,.695,105.2,101.0,4.41,2001-2002,West
MINNESOTA TIMBERWOLVES,50,32,.610,99.3,96.0,3.58,2001-2002,West
UTAH JAZZ,44,38,.537,96.0,95.1,1.21,2001-2002,West
HOUSTON ROCKETS,28,54,.341,92.3,97.2,-4.31,2001-2002,West
DENVER NUGGETS,27,55,.329,92.2,98.0,-5.19,2001-2002,West
MEMPHIS GRIZZLIES,23,59,.280,89.9,97.3,-6.74,2001-2002,West
SACRAMENTO KINGS,61,21,.744,104.6,97.0,7.61,2001-2002,West
LOS ANGELES LAKERS,58,24,.707,101.3,94.1,7.15,2001-2002,West
PORTLAND TRAIL BLAZERS,49,33,.598,96.6,93.7,3.21,2001-2002,West
SEATTLE SUPERSONICS,45,37,.549,97.7,94.7,3.24,2001-2002,West
LOS ANGELES CLIPPERS,39,43,.476,95.7,96.1,-0.09,2001-2002,West
PHOENIX SUNS,36,46,.439,95.1,95.8,-0.30,2001-2002,West
GOLDEN STATE WARRIORS,21,61,.256,97.7,103.1,-4.80,2001-2002,West
SAN ANTONIO SPURS,60,22,.732,95.8,90.4,5.65,2002-2003,West
DALLAS MAVERICKS,60,22,.732,103.0,95.2,7.90,2002-2003,West
MINNESOTA TIMBERWOLVES,51,31,.622,98.1,96.0,2.46,2002-2003,West
UTAH JAZZ,47,35,.573,94.7,92.3,2.76,2002-2003,West
HOUSTON ROCKETS,43,39,.524,93.8,92.3,1.89,2002-2003,West
MEMPHIS GRIZZLIES,28,54,.341,97.5,100.7,-2.60,2002-2003,West
DENVER NUGGETS,17,65,.207,84.2,92.4,-7.41,2002-2003,West
SACRAMENTO KINGS,59,23,.720,101.7,95.2,6.68,2002-2003,West
LOS ANGELES LAKERS,50,32,.610,100.4,98.0,2.71,2002-2003,West
PORTLAND TRAIL BLAZERS,50,32,.610,95.2,92.5,2.97,2002-2003,West
PHOENIX SUNS,44,38,.537,95.5,94.4,1.57,2002-2003,West
SEATTLE SUPERSONICS,40,42,.488,92.1,92.3,0.37,2002-2003,West
GOLDEN STATE WARRIORS,38,44,.463,102.4,103.6,-0.60,2002-2003,West
LOS ANGELES CLIPPERS,27,55,.329,93.8,97.9,-3.45,2002-2003,West
MINNESOTA TIMBERWOLVES,58,24,.707,94.5,89.1,5.86,2003-2004,West
SAN ANTONIO SPURS,57,25,.695,91.5,84.3,7.51,2003-2004,West
DALLAS MAVERICKS,52,30,.634,105.2,100.8,4.86,2003-2004,West
MEMPHIS GRIZZLIES,50,32,.610,96.7,94.3,2.95,2003-2004,West
HOUSTON ROCKETS,45,37,.549,89.8,88.0,2.28,2003-2004,West
DENVER NUGGETS,43,39,.524,97.2,96.1,1.65,2003-2004,West
UTAH JAZZ,42,40,.512,88.7,89.9,-0.53,2003-2004,West
LOS ANGELES LAKERS,56,26,.683,98.2,94.3,4.35,2003-2004,West
SACRAMENTO KINGS,55,27,.671,102.8,97.8,5.41,2003-2004,West
PORTLAND TRAIL BLAZERS,41,41,.500,90.7,92.0,-0.58,2003-2004,West
GOLDEN STATE WARRIORS,37,45,.451,93.3,94.0,-0.07,2003-2004,West
SEATTLE SUPERSONICS,37,45,.451,97.1,97.8,0.02,2003-2004,West
PHOENIX SUNS,29,53,.354,94.2,97.9,-2.94,2003-2004,West
LOS ANGELES CLIPPERS,28,54,.341,94.8,99.4,-3.74,2003-2004,West
SEATTLE SUPERSONICS,52,30,.634,98.9,96.6,2.59,2004-2005,West
DENVER NUGGETS,49,33,.598,99.5,97.5,2.23,2004-2005,West
MINNESOTA TIMBERWOLVES,44,38,.537,96.8,95.3,1.73,2004-2005,West
PORTLAND TRAIL BLAZERS,27,55,.329,92.9,96.9,-3.45,2004-2005,West
UTAH JAZZ,26,56,.317,93.0,97.3,-3.74,2004-2005,West
PHOENIX SUNS,62,20,.756,110.4,103.3,7.08,2004-2005,West
SACRAMENTO KINGS,50,32,.610,103.7,101.6,2.56,2004-2005,West
LOS ANGELES CLIPPERS,37,45,.451,95.7,96.5,-0.47,2004-2005,West
LOS ANGELES LAKERS,34,48,.415,98.7,101.7,-2.32,2004-2005,West
GOLDEN STATE WARRIORS,34,48,.415,98.7,100.9,-1.74,2004-2005,West
SAN ANTONIO SPURS,59,23,.720,96.2,88.4,7.84,2004-2005,West
DALLAS MAVERICKS,58,24,.707,102.5,96.8,5.86,2004-2005,West
HOUSTON ROCKETS,51,31,.622,95.1,91.0,4.27,2004-2005,West
MEMPHIS GRIZZLIES,45,37,.549,93.4,91.1,2.64,2004-2005,West
NEW ORLEANS HORNETS,18,64,.220,88.4,95.5,-6.30,2004-2005,West
DENVER NUGGETS,44,38,.537,100.3,100.1,0.36,2005-2006,West
UTAH JAZZ,41,41,.500,92.4,95.0,-2.49,2005-2006,West
SEATTLE SUPERSONICS,35,47,.427,102.6,105.6,-2.88,2005-2006,West
MINNESOTA TIMBERWOLVES,33,49,.402,91.7,93.6,-1.75,2005-2006,West
PORTLAND TRAIL BLAZERS,21,61,.256,88.8,98.3,-8.91,2005-2006,West
PHOENIX SUNS,54,28,.659,108.4,102.8,5.48,2005-2006,West
LOS ANGELES CLIPPERS,47,35,.573,97.2,95.6,1.75,2005-2006,West
LOS ANGELES LAKERS,45,37,.549,99.4,96.9,2.53,2005-2006,West
SACRAMENTO KINGS,44,38,.537,98.9,97.3,1.61,2005-2006,West
GOLDEN STATE WARRIORS,34,48,.415,98.5,99.8,-1.11,2005-2006,West
SAN ANTONIO SPURS,63,19,.768,95.6,88.8,6.69,2005-2006,West
DALLAS MAVERICKS,60,22,.732,99.1,93.1,5.96,2005-2006,West
MEMPHIS GRIZZLIES,49,33,.598,92.2,88.5,3.74,2005-2006,West
NEW ORLEANS/OKLAHOMA CITY HORNETS,38,44,.463,92.8,95.6,-2.51,2005-2006,West
HOUSTON ROCKETS,34,48,.415,90.1,91.7,-1.30,2005-2006,West
UTAH JAZZ,51,31,.622,101.5,98.6,3.06,2006-2007,West
DENVER NUGGETS,45,37,.549,105.4,103.7,1.69,2006-2007,West
PORTLAND TRAIL BLAZERS,32,50,.390,94.1,98.4,-3.78,2006-2007,West
MINNESOTA TIMBERWOLVES,32,50,.390,96.1,99.7,-3.16,2006-2007,West
SEATTLE SUPERSONICS,31,51,.378,99.1,102.0,-2.45,2006-2007,West
PHOENIX SUNS,61,21,.744,110.2,102.9,7.28,2006-2007,West
LOS ANGELES LAKERS,42,40,.512,103.3,103.4,0.24,2006-2007,West
GOLDEN STATE WARRIORS,42,40,.512,106.5,106.9,0.00,2006-2007,West
LOS ANGELES CLIPPERS,40,42,.488,95.6,96.1,-0.07,2006-2007,West
SACRAMENTO KINGS,33,49,.402,101.3,103.1,-1.35,2006-2007,West
DALLAS MAVERICKS,67,15,.817,100.0,92.8,7.28,2006-2007,West
SAN ANTONIO SPURS,58,24,.707,98.5,90.1,8.35,2006-2007,West
HOUSTON ROCKETS,52,30,.634,97.0,92.1,5.04,2006-2007,West
NEW ORLEANS/OKLAHOMA CITY HORNETS,39,43,.476,95.5,97.1,-1.19,2006-2007,West
MEMPHIS GRIZZLIES,22,60,.268,101.6,106.7,-4.44,2006-2007,West
UTAH JAZZ,54,28,.659,106.2,99.3,6.86,2007-2008,West
DENVER NUGGETS,50,32,.610,110.7,107.0,3.74,2007-2008,West
PORTLAND TRAIL BLAZERS,41,41,.500,95.4,96.3,-0.52,2007-2008,West
MINNESOTA TIMBERWOLVES,22,60,.268,95.6,102.4,-6.26,2007-2008,West
SEATTLE SUPERSONICS,20,62,.244,97.5,106.3,-8.04,2007-2008,West
LOS ANGELES LAKERS,57,25,.695,108.6,101.3,7.34,2007-2008,West
PHOENIX SUNS,55,27,.671,110.1,105.0,5.14,2007-2008,West
GOLDEN STATE WARRIORS,48,34,.585,111.0,108.8,2.38,2007-2008,West
SACRAMENTO KINGS,38,44,.463,102.5,104.8,-1.86,2007-2008,West
LOS ANGELES CLIPPERS,23,59,.280,93.8,101.1,-6.56,2007-2008,West
NEW ORLEANS HORNETS,56,26,.683,100.9,95.6,5.46,2007-2008,West
SAN ANTONIO SPURS,56,26,.683,95.4,90.6,5.10,2007-2008,West
HOUSTON ROCKETS,55,27,.671,96.7,92.0,4.83,2007-2008,West
DALLAS MAVERICKS,51,31,.622,100.4,95.9,4.70,2007-2008,West
MEMPHIS GRIZZLIES,22,60,.268,100.7,106.9,-5.76,2007-2008,West
DENVER NUGGETS,54,28,.659,104.3,100.9,3.13,2008-2009,West
PORTLAND TRAIL BLAZERS,54,28,.659,99.4,94.1,5.00,2008-2009,West
UTAH JAZZ,48,34,.585,103.6,100.9,2.31,2008-2009,West
MINNESOTA TIMBERWOLVES,24,58,.293,97.8,102.7,-4.74,2008-2009,West
OKLAHOMA CITY THUNDER,23,59,.280,97.0,103.1,-6.04,2008-2009,West
LOS ANGELES LAKERS,65,17,.793,106.9,99.3,7.11,2008-2009,West
PHOENIX SUNS,46,36,.561,109.4,107.5,1.62,2008-2009,West
GOLDEN STATE WARRIORS,29,53,.354,108.6,112.3,-3.80,2008-2009,West
LOS ANGELES CLIPPERS,19,63,.232,95.1,103.9,-8.47,2008-2009,West
SACRAMENTO KINGS,17,65,.207,100.6,109.3,-8.60,2008-2009,West
SAN ANTONIO SPURS,54,28,.659,97.0,93.3,3.36,2008-2009,West
HOUSTON ROCKETS,53,29,.646,98.4,94.4,3.73,2008-2009,West
DALLAS MAVERICKS,50,32,.610,101.7,99.8,1.68,2008-2009,West
NEW ORLEANS HORNETS,49,33,.598,95.8,94.3,1.41,2008-2009,West
MEMPHIS GRIZZLIES,24,58,.293,93.9,99.3,-5.23,2008-2009,West
DENVER NUGGETS,53,29,.646,106.5,102.4,4.15,2009-2010,West
UTAH JAZZ,53,29,.646,104.2,98.9,5.33,2009-2010,West
PORTLAND TRAIL BLAZERS,50,32,.610,98.1,94.8,3.18,2009-2010,West
OKLAHOMA CITY THUNDER,50,32,.610,101.5,98.0,3.55,2009-2010,West
MINNESOTA TIMBERWOLVES,15,67,.183,98.2,107.8,-9.06,2009-2010,West
LOS ANGELES LAKERS,57,25,.695,101.7,97.0,4.78,2009-2010,West
PHOENIX SUNS,54,28,.659,110.2,105.3,4.67,2009-2010,West
LOS ANGELES CLIPPERS,29,53,.354,95.7,102.1,-6.01,2009-2010,West
GOLDEN STATE WARRIORS,26,56,.317,108.8,112.4,-3.28,2009-2010,West
SACRAMENTO KINGS,25,57,.305,100.0,104.4,-4.06,2009-2010,West
DALLAS MAVERICKS,55,27,.671,102.0,99.3,2.66,2009-2010,West
SAN ANTONIO SPURS,50,32,.610,101.4,96.3,5.07,2009-2010,West
HOUSTON ROCKETS,42,40,.512,102.4,102.7,-0.02,2009-2010,West
MEMPHIS GRIZZLIES,40,42,.488,102.5,104.0,-1.39,2009-2010,West
NEW ORLEANS HORNETS,37,45,.451,100.2,102.7,-2.27,2009-2010,West
OKLAHOMA CITY THUNDER,55,27,.671,104.8,101.0,3.81,2010-2011,West
DENVER NUGGETS,50,32,.610,107.5,102.7,4.81,2010-2011,West
PORTLAND TRAIL BLAZERS,48,34,.585,96.3,94.8,1.85,2010-2011,West
UTAH JAZZ,39,43,.476,99.4,101.3,-1.44,2010-2011,West
MINNESOTA TIMBERWOLVES,17,65,.207,101.1,107.7,-5.97,2010-2011,West
LOS ANGELES LAKERS,57,25,.695,101.5,95.4,6.01,2010-2011,West
PHOENIX SUNS,40,42,.488,105.0,105.9,-0.46,2010-2011,West
GOLDEN STATE WARRIORS,36,46,.439,103.4,105.7,-2.00,2010-2011,West
LOS ANGELES CLIPPERS,32,50,.390,98.6,101.8,-2.71,2010-2011,West
SACRAMENTO KINGS,24,58,.293,99.4,104.7,-4.80,2010-2011,West
SAN ANTONIO SPURS,61,21,.744,103.7,98.0,5.86,2010-2011,West
DALLAS MAVERICKS,57,25,.695,100.2,96.0,4.41,2010-2011,West
NEW ORLEANS HORNETS,46,36,.561,94.9,94.0,1.28,2010-2011,West
MEMPHIS GRIZZLIES,46,36,.561,99.9,97.6,2.55,2010-2011,West
HOUSTON ROCKETS,43,39,.524,105.9,103.7,2.37,2010-2011,West
OKLAHOMA CITY THUNDER,47,19,.712,103.1,96.9,6.44,2011-2012,West
DENVER NUGGETS,38,28,.576,104.1,101.2,3.16,2011-2012,West
UTAH JAZZ,36,30,.545,99.7,99.0,0.92,2011-2012,West
PORTLAND TRAIL BLAZERS,28,38,.424,97.2,97.8,-0.22,2011-2012,West
MINNESOTA TIMBERWOLVES,26,40,.394,97.9,100.1,-1.83,2011-2012,West
LOS ANGELES LAKERS,41,25,.621,97.3,95.9,1.96,2011-2012,West
LOS ANGELES CLIPPERS,40,26,.606,97.5,95.0,2.82,2011-2012,West
PHOENIX SUNS,33,33,.500,98.4,98.6,0.29,2011-2012,West
GOLDEN STATE WARRIORS,23,43,.348,97.8,101.2,-2.79,2011-2012,West
SACRAMENTO KINGS,22,44,.333,98.8,104.4,-4.95,2011-2012,West
SAN ANTONIO SPURS,50,16,.758,103.7,96.5,7.28,2011-2012,West
MEMPHIS GRIZZLIES,41,25,.621,95.0,93.0,2.43,2011-2012,West
DALLAS MAVERICKS,36,30,.545,95.8,94.8,1.78,2011-2012,West
HOUSTON ROCKETS,34,32,.515,98.1,97.9,0.57,2011-2012,West
NEW ORLEANS HORNETS,21,45,.318,89.6,93.4,-3.11,2011-2012,West
OKLAHOMA CITY THUNDER,60,22,.732,105.7,96.5,9.15,2012-2013,West
DENVER NUGGETS,57,25,.695,106.1,101.1,5.37,2012-2013,West
UTAH JAZZ,43,39,.524,98.0,98.1,0.30,2012-2013,West
PORTLAND TRAIL BLAZERS,33,49,.402,97.5,100.7,-2.53,2012-2013,West
MINNESOTA TIMBERWOLVES,31,51,.378,95.7,98.1,-1.83,2012-2013,West
LOS ANGELES CLIPPERS,56,26,.683,101.1,94.6,6.43,2012-2013,West
GOLDEN STATE WARRIORS,47,35,.573,101.2,100.3,1.32,2012-2013,West
LOS ANGELES LAKERS,45,37,.549,102.2,101.0,1.48,2012-2013,West
SACRAMENTO KINGS,28,54,.341,100.2,105.1,-4.26,2012-2013,West
PHOENIX SUNS,25,57,.305,95.2,101.6,-5.75,2012-2013,West
SAN ANTONIO SPURS,58,24,.707,103.0,96.6,6.67,2012-2013,West
MEMPHIS GRIZZLIES,56,26,.683,93.4,89.3,4.32,2012-2013,West
HOUSTON ROCKETS,45,37,.549,106.0,102.5,3.69,2012-2013,West
DALLAS MAVERICKS,41,41,.500,101.1,101.7,-0.24,2012-2013,West
NEW ORLEANS HORNETS,27,55,.329,94.1,97.9,-3.12,2012-2013,West
OKLAHOMA CITY THUNDER,59,23,.720,106.2,99.8,6.66,2013-2014,West
PORTLAND TRAIL BLAZERS,54,28,.659,106.7,102.8,4.44,2013-2014,West
MINNESOTA TIMBERWOLVES,40,42,.488,106.9,104.3,3.10,2013-2014,West
DENVER NUGGETS,36,46,.439,104.4,106.5,-1.40,2013-2014,West
UTAH JAZZ,25,57,.305,95.0,102.2,-6.27,2013-2014,West
LOS ANGELES CLIPPERS,57,25,.695,107.9,101.0,7.27,2013-2014,West
GOLDEN STATE WARRIORS,51,31,.622,104.3,99.5,5.15,2013-2014,West
PHOENIX SUNS,48,34,.585,105.2,102.6,3.02,2013-2014,West
SACRAMENTO KINGS,28,54,.341,100.5,103.4,-2.08,2013-2014,West
LOS ANGELES LAKERS,27,55,.329,103.0,109.2,-5.33,2013-2014,West
SAN ANTONIO SPURS,62,20,.756,105.4,97.6,8.00,2013-2014,West
HOUSTON ROCKETS,54,28,.659,107.7,103.1,5.06,2013-2014,West
MEMPHIS GRIZZLIES,50,32,.610,96.1,94.6,2.18,2013-2014,West
DALLAS MAVERICKS,49,33,.598,104.8,102.4,2.91,2013-2014,West
NEW ORLEANS PELICANS,34,48,.415,99.7,102.4,-1.98,2013-2014,West
PORTLAND TRAIL BLAZERS,51,31,.622,102.8,98.6,4.41,2014-2015,West
OKLAHOMA CITY THUNDER,45,37,.549,104.0,101.8,2.47,2014-2015,West
UTAH JAZZ,38,44,.463,95.1,94.9,0.71,2014-2015,West
DENVER NUGGETS,30,52,.366,101.5,105.0,-3.07,2014-2015,West
MINNESOTA TIMBERWOLVES,16,66,.195,97.8,106.5,-8.00,2014-2015,West
GOLDEN STATE WARRIORS,67,15,.817,110.0,99.9,10.01,2014-2015,West
LOS ANGELES CLIPPERS,56,26,.683,106.7,100.1,6.80,2014-2015,West
PHOENIX SUNS,39,43,.476,102.4,103.3,-0.38,2014-2015,West
SACRAMENTO KINGS,29,53,.354,101.3,105.0,-3.07,2014-2015,West
LOS ANGELES LAKERS,21,61,.256,98.5,105.3,-6.17,2014-2015,West
HOUSTON ROCKETS,56,26,.683,103.9,100.5,3.82,2014-2015,West
MEMPHIS GRIZZLIES,55,27,.671,98.3,95.1,3.62,2014-2015,West
SAN ANTONIO SPURS,55,27,.671,103.2,97.0,6.34,2014-2015,West
DALLAS MAVERICKS,50,32,.610,105.2,102.3,3.36,2014-2015,West
NEW ORLEANS PELICANS,45,37,.549,99.4,98.6,1.13,2014-2015,West
OKLAHOMA CITY THUNDER,55,27,.671,110.2,102.9,7.09,2015-2016,West
PORTLAND TRAIL BLAZERS,44,38,.537,105.1,104.3,0.98,2015-2016,West
UTAH JAZZ,40,42,.488,97.7,95.9,1.84,2015-2016,West
DENVER NUGGETS,33,49,.402,101.9,105.0,-2.81,2015-2016,West
MINNESOTA TIMBERWOLVES,29,53,.354,102.4,106.0,-3.38,2015-2016,West
GOLDEN STATE WARRIORS,73,9,.890,114.9,104.1,10.38,2015-2016,West
LOS ANGELES CLIPPERS,53,29,.646,104.5,100.2,4.13,2015-2016,West
SACRAMENTO KINGS,33,49,.402,106.6,109.1,-2.32,2015-2016,West
PHOENIX SUNS,23,59,.280,100.9,107.5,-6.32,2015-2016,West
LOS ANGELES LAKERS,17,65,.207,97.3,106.9,-8.92,2015-2016,West
SAN ANTONIO SPURS,67,15,.817,103.5,92.9,10.28,2015-2016,West
DALLAS MAVERICKS,42,40,.512,102.3,102.6,-0.02,2015-2016,West
MEMPHIS GRIZZLIES,42,40,.512,99.1,101.3,-2.14,2015-2016,West
HOUSTON ROCKETS,41,41,.500,106.5,106.4,0.34,2015-2016,West
NEW ORLEANS PELICANS,30,52,.366,102.7,106.5,-3.56,2015-2016,West
UTAH JAZZ,51,31,.622,100.7,96.8,4.00,2016-2017,West
OKLAHOMA CITY THUNDER,47,35,.573,106.6,105.8,1.14,2016-2017,West
PORTLAND TRAIL BLAZERS,41,41,.500,107.9,108.5,-0.23,2016-2017,West
DENVER NUGGETS,40,42,.488,111.7,111.2,0.70,2016-2017,West
MINNESOTA TIMBERWOLVES,31,51,.378,105.6,106.7,-0.64,2016-2017,West
GOLDEN STATE WARRIORS,67,15,.817,115.9,104.3,11.35,2016-2017,West
LOS ANGELES CLIPPERS,51,31,.622,108.7,104.4,4.42,2016-2017,West
SACRAMENTO KINGS,32,50,.390,102.8,106.7,-3.29,2016-2017,West
LOS ANGELES LAKERS,26,56,.317,104.6,111.5,-6.29,2016-2017,West
PHOENIX SUNS,24,58,.293,107.7,113.3,-5.14,2016-2017,West
SAN ANTONIO SPURS,61,21,.744,105.3,98.1,7.13,2016-2017,West
HOUSTON ROCKETS,55,27,.671,115.3,109.6,5.84,2016-2017,West
MEMPHIS GRIZZLIES,43,39,.524,100.5,100.0,0.96,2016-2017,West
NEW ORLEANS PELICANS,34,48,.415,104.3,106.4,-1.69,2016-2017,West
DALLAS MAVERICKS,33,49,.402,97.9,100.8,-2.53,2016-2017,West
PORTLAND TRAIL BLAZERS,49,33,.598,105.6,103.0,2.60,2017-2018,West
OKLAHOMA CITY THUNDER,48,34,.585,107.9,104.4,3.42,2017-2018,West
UTAH JAZZ,48,34,.585,104.1,99.8,4.47,2017-2018,West
MINNESOTA TIMBERWOLVES,47,35,.573,109.5,107.3,2.35,2017-2018,West
DENVER NUGGETS,46,36,.561,110.0,108.5,1.57,2017-2018,West
GOLDEN STATE WARRIORS,58,24,.707,113.5,107.5,5.79,2017-2018,West
LOS ANGELES CLIPPERS,42,40,.512,109.0,109.0,0.15,2017-2018,West
LOS ANGELES LAKERS,35,47,.427,108.1,109.6,-1.44,2017-2018,West
SACRAMENTO KINGS,27,55,.329,98.8,105.8,-6.60,2017-2018,West
PHOENIX SUNS,21,61,.256,103.9,113.3,-8.80,2017-2018,West
HOUSTON ROCKETS,65,17,.793,112.4,103.9,8.21,2017-2018,West
NEW ORLEANS PELICANS,48,34,.585,111.7,110.4,1.48,2017-2018,West
SAN ANTONIO SPURS,47,35,.573,102.7,99.8,2.89,2017-2018,West
DALLAS MAVERICKS,24,58,.293,102.3,105.4,-2.70,2017-2018,West
MEMPHIS GRIZZLIES,22,60,.268,99.3,105.5,-5.81,2017-2018,West
DENVER NUGGETS,54,28,.659,110.7,106.7,4.19,2018-2019,West
PORTLAND TRAIL BLAZERS,53,29,.646,114.7,110.5,4.43,2018-2019,West
UTAH JAZZ,50,32,.610,111.7,106.5,5.28,2018-2019,West
OKLAHOMA CITY THUNDER,49,33,.598,114.5,111.1,3.56,2018-2019,West
MINNESOTA TIMBERWOLVES,36,46,.439,112.5,114.0,-1.02,2018-2019,West
GOLDEN STATE WARRIORS,57,25,.695,117.7,111.2,6.42,2018-2019,West
LOS ANGELES CLIPPERS,48,34,.585,115.1,114.3,1.09,2018-2019,West
SACRAMENTO KINGS,39,43,.476,114.2,115.3,-0.81,2018-2019,West
LOS ANGELES LAKERS,37,45,.451,111.8,113.5,-1.33,2018-2019,West
PHOENIX SUNS,19,63,.232,107.5,116.8,-8.61,2018-2019,West
HOUSTON ROCKETS,53,29,.646,113.9,109.1,4.96,2018-2019,West
SAN ANTONIO SPURS,48,34,.585,111.7,110.0,1.80,2018-2019,West
MEMPHIS GRIZZLIES,33,49,.402,103.5,106.1,-2.08,2018-2019,West
NEW ORLEANS PELICANS,33,49,.402,115.4,116.8,-1.10,2018-2019,West
DALLAS MAVERICKS,33,49,.402,108.9,110.1,-0.87,2018-2019,West
DENVER NUGGETS,46,27,.630,111.3,109.2,2.35,2019-2020,West
OKLAHOMA CITY THUNDER,44,28,.611,110.4,108.4,2.33,2019-2020,West
UTAH JAZZ,44,28,.611,111.3,108.8,2.52,2019-2020,West
PORTLAND TRAIL BLAZERS,35,39,.473,115.0,116.1,-0.61,2019-2020,West
MINNESOTA TIMBERWOLVES,19,45,.297,113.3,117.5,-4.02,2019-2020,West
LOS ANGELES LAKERS,52,19,.732,113.4,107.6,6.28,2019-2020,West
LOS ANGELES CLIPPERS,49,23,.681,116.3,109.9,6.66,2019-2020,West
PHOENIX SUNS,34,39,.466,113.6,113.4,0.56,2019-2020,West
SACRAMENTO KINGS,31,41,.431,110.1,112.1,-1.59,2019-2020,West
GOLDEN STATE WARRIORS,15,50,.231,106.3,115.0,-8.12,2019-2020,West
HOUSTON ROCKETS,44,28,.611,117.8,114.8,3.13,2019-2020,West
DALLAS MAVERICKS,43,32,.573,117.0,112.1,4.87,2019-2020,West
MEMPHIS GRIZZLIES,34,39,.466,112.6,113.7,-0.91,2019-2020,West
SAN ANTONIO SPURS,32,39,.451,114.1,115.2,-0.65,2019-2020,West
NEW ORLEANS PELICANS,30,42,.417,115.8,117.1,-0.55,2019-2020,West
